{
  "v": "5.4.2",
  "fr": 29.9700012207031,
  "ip": 0,
  "op": 120.0000048877,
  "w": 500,
  "h": 500,
  "nm": "searching",
  "ddd": 0,
  "assets": [],
  "layers": [
    {
      "ddd": 0,
      "ind": 1,
      "ty": 4,
      "nm": "search Outlines - Group 1",
      "sr": 1,
      "ks": {
        "o": {
          "a": 0,
          "k": 40,
          "ix": 11
        },
        "r": {
          "a": 0,
          "k": 0,
          "ix": 10
        },
        "p": {
          "a": 0,
          "k": [
            246.694,
            254.782,
            0
          ],
          "ix": 2
        },
        "a": {
          "a": 0,
          "k": [
            20.188,
            23.309,
            0
          ],
          "ix": 1
        },
        "s": {
          "a": 0,
          "k": [
            900,
            900,
            100
          ],
          "ix": 6
        }
      },
      "ao": 0,
      "shapes": [
        {
          "ty": "gr",
          "it": [
            {
              "ind": 0,
              "ty": "sh",
              "ix": 1,
              "ks": {
                "a": 0,
                "k": {
                  "i": [
                    [
                      0,
                      0
                    ],
                    [
                      0,
                      0
                    ]
                  ],
                  "o": [
                    [
                      0,
                      0
                    ],
                    [
                      0,
                      0
                    ]
                  ],
                  "v": [
                    [
                      16.742,
                      23.309
                    ],
                    [
                      23.635,
                      23.309
                    ]
                  ],
                  "c": false
                },
                "ix": 2
              },
              "nm": "Path 1",
              "mn": "ADBE Vector Shape - Group",
              "hd": false
            },
            {
              "ty": "st",
              "c": {
                "a": 0,
                "k": [
                  0.223528977936,
                  0.192156967462,
                  0.674509983437,
                  1
                ],
                "ix": 3
              },
              "o": {
                "a": 0,
                "k": 100,
                "ix": 4
              },
              "w": {
                "a": 0,
                "k": 1,
                "ix": 5
              },
              "lc": 1,
              "lj": 1,
              "ml": 10,
              "ml2": {
                "a": 0,
                "k": 10,
                "ix": 8
              },
              "nm": "Stroke 1",
              "mn": "ADBE Vector Graphic - Stroke",
              "hd": false
            },
            {
              "ty": "tr",
              "p": {
                "a": 0,
                "k": [
                  0,
                  0
                ],
                "ix": 2
              },
              "a": {
                "a": 0,
                "k": [
                  0,
                  0
                ],
                "ix": 1
              },
              "s": {
                "a": 0,
                "k": [
                  100,
                  100
                ],
                "ix": 3
              },
              "r": {
                "a": 0,
                "k": 0,
                "ix": 6
              },
              "o": {
                "a": 0,
                "k": 100,
                "ix": 7
              },
              "sk": {
                "a": 0,
                "k": 0,
                "ix": 4
              },
              "sa": {
                "a": 0,
                "k": 0,
                "ix": 5
              },
              "nm": "Transform"
            }
          ],
          "nm": "Group 1",
          "np": 2,
          "cix": 2,
          "ix": 1,
          "mn": "ADBE Vector Group",
          "hd": false
        }
      ],
      "ip": 0,
      "op": 120.0000048877,
      "st": 0,
      "bm": 0
    },
    {
      "ddd": 0,
      "ind": 2,
      "ty": 4,
      "nm": "search Outlines - Group 3",
      "sr": 1,
      "ks": {
        "o": {
          "a": 0,
          "k": 40,
          "ix": 11
        },
        "r": {
          "a": 0,
          "k": 0,
          "ix": 10
        },
        "p": {
          "a": 0,
          "k": [
            277.712,
            230.151,
            0
          ],
          "ix": 2
        },
        "a": {
          "a": 0,
          "k": [
            23.635,
            20.572,
            0
          ],
          "ix": 1
        },
        "s": {
          "a": 0,
          "k": [
            900,
            900,
            100
          ],
          "ix": 6
        }
      },
      "ao": 0,
      "shapes": [
        {
          "ty": "gr",
          "it": [
            {
              "ind": 0,
              "ty": "sh",
              "ix": 1,
              "ks": {
                "a": 0,
                "k": {
                  "i": [
                    [
                      0,
                      0
                    ],
                    [
                      0,
                      0
                    ]
                  ],
                  "o": [
                    [
                      0,
                      0
                    ],
                    [
                      0,
                      0
                    ]
                  ],
                  "v": [
                    [
                      16.742,
                      20.572
                    ],
                    [
                      30.528,
                      20.572
                    ]
                  ],
                  "c": false
                },
                "ix": 2
              },
              "nm": "Path 1",
              "mn": "ADBE Vector Shape - Group",
              "hd": false
            },
            {
              "ty": "st",
              "c": {
                "a": 0,
                "k": [
                  0.223528977936,
                  0.192156967462,
                  0.674509983437,
                  1
                ],
                "ix": 3
              },
              "o": {
                "a": 0,
                "k": 100,
                "ix": 4
              },
              "w": {
                "a": 0,
                "k": 1,
                "ix": 5
              },
              "lc": 1,
              "lj": 1,
              "ml": 10,
              "ml2": {
                "a": 0,
                "k": 10,
                "ix": 8
              },
              "nm": "Stroke 1",
              "mn": "ADBE Vector Graphic - Stroke",
              "hd": false
            },
            {
              "ty": "tr",
              "p": {
                "a": 0,
                "k": [
                  0,
                  0
                ],
                "ix": 2
              },
              "a": {
                "a": 0,
                "k": [
                  0,
                  0
                ],
                "ix": 1
              },
              "s": {
                "a": 0,
                "k": [
                  100,
                  100
                ],
                "ix": 3
              },
              "r": {
                "a": 0,
                "k": 0,
                "ix": 6
              },
              "o": {
                "a": 0,
                "k": 100,
                "ix": 7
              },
              "sk": {
                "a": 0,
                "k": 0,
                "ix": 4
              },
              "sa": {
                "a": 0,
                "k": 0,
                "ix": 5
              },
              "nm": "Transform"
            }
          ],
          "nm": "Group 3",
          "np": 2,
          "cix": 2,
          "ix": 1,
          "mn": "ADBE Vector Group",
          "hd": false
        }
      ],
      "ip": 0,
      "op": 120.0000048877,
      "st": 0,
      "bm": 0
    },
    {
      "ddd": 0,
      "ind": 3,
      "ty": 4,
      "nm": "mag",
      "sr": 1,
      "ks": {
        "o": {
          "a": 0,
          "k": 100,
          "ix": 11
        },
        "r": {
          "a": 1,
          "k": [
            {
              "i": {
                "x": [
                  0.667
                ],
                "y": [
                  1
                ]
              },
              "o": {
                "x": [
                  0.333
                ],
                "y": [
                  0
                ]
              },
              "n": [
                "0p667_1_0p333_0"
              ],
              "t": 0,
              "s": [
                25
              ],
              "e": [
                25
              ]
            },
            {
              "i": {
                "x": [
                  0.667
                ],
                "y": [
                  1
                ]
              },
              "o": {
                "x": [
                  0.603
                ],
                "y": [
                  0
                ]
              },
              "n": [
                "0p667_1_0p603_0"
              ],
              "t": 22,
              "s": [
                25
              ],
              "e": [
                -23
              ]
            },
            {
              "i": {
                "x": [
                  0.667
                ],
                "y": [
                  1
                ]
              },
              "o": {
                "x": [
                  0.333
                ],
                "y": [
                  0
                ]
              },
              "n": [
                "0p667_1_0p333_0"
              ],
              "t": 36,
              "s": [
                -23
              ],
              "e": [
                -23
              ]
            },
            {
              "i": {
                "x": [
                  0.667
                ],
                "y": [
                  1
                ]
              },
              "o": {
                "x": [
                  0.743
                ],
                "y": [
                  0
                ]
              },
              "n": [
                "0p667_1_0p743_0"
              ],
              "t": 65,
              "s": [
                -23
              ],
              "e": [
                25
              ]
            },
            {
              "i": {
                "x": [
                  0.667
                ],
                "y": [
                  1
                ]
              },
              "o": {
                "x": [
                  0.333
                ],
                "y": [
                  0
                ]
              },
              "n": [
                "0p667_1_0p333_0"
              ],
              "t": 89,
              "s": [
                25
              ],
              "e": [
                25
              ]
            },
            {
              "t": 119.000004846969
            }
          ],
          "ix": 10
        },
        "p": {
          "a": 1,
          "k": [
            {
              "i": {
                "x": 0.667,
                "y": 1
              },
              "o": {
                "x": 0.689,
                "y": 0
              },
              "n": "0p667_1_0p689_0",
              "t": 0,
              "s": [
                187.146,
                281.383,
                0
              ],
              "e": [
                344.146,
                281.383,
                0
              ],
              "to": [
                26.1666660308838,
                0,
                0
              ],
              "ti": [
                -26.1666660308838,
                0,
                0
              ]
            },
            {
              "i": {
                "x": 0.667,
                "y": 0.667
              },
              "o": {
                "x": 0.333,
                "y": 0.333
              },
              "n": "0p667_0p667_0p333_0p333",
              "t": 36,
              "s": [
                344.146,
                281.383,
                0
              ],
              "e": [
                344.146,
                281.383,
                0
              ],
              "to": [
                0,
                0,
                0
              ],
              "ti": [
                0,
                0,
                0
              ]
            },
            {
              "i": {
                "x": 0.667,
                "y": 1
              },
              "o": {
                "x": 0.762,
                "y": 0
              },
              "n": "0p667_1_0p762_0",
              "t": 48,
              "s": [
                344.146,
                281.383,
                0
              ],
              "e": [
                280.146,
                281.383,
                0
              ],
              "to": [
                -10.6666669845581,
                0,
                0
              ],
              "ti": [
                26.1666660308838,
                0,
                0
              ]
            },
            {
              "i": {
                "x": 0.667,
                "y": 1
              },
              "o": {
                "x": 0.716,
                "y": 0
              },
              "n": "0p667_1_0p716_0",
              "t": 65,
              "s": [
                280.146,
                281.383,
                0
              ],
              "e": [
                187.146,
                281.383,
                0
              ],
              "to": [
                -26.1666660308838,
                0,
                0
              ],
              "ti": [
                15.5,
                0,
                0
              ]
            },
            {
              "i": {
                "x": 0.667,
                "y": 0.667
              },
              "o": {
                "x": 0.333,
                "y": 0.333
              },
              "n": "0p667_0p667_0p333_0p333",
              "t": 89,
              "s": [
                187.146,
                281.383,
                0
              ],
              "e": [
                187.146,
                281.383,
                0
              ],
              "to": [
                0,
                0,
                0
              ],
              "ti": [
                0,
                0,
                0
              ]
            },
            {
              "t": 119.000004846969
            }
          ],
          "ix": 2
        },
        "a": {
          "a": 0,
          "k": [
            216.353,
            282.89,
            0
          ],
          "ix": 1
        },
        "s": {
          "a": 0,
          "k": [
            100,
            100,
            100
          ],
          "ix": 6
        }
      },
      "ao": 0,
      "shapes": [
        {
          "ty": "gr",
          "it": [
            {
              "ty": "gr",
              "it": [
                {
                  "ind": 0,
                  "ty": "sh",
                  "ix": 1,
                  "ks": {
                    "a": 0,
                    "k": {
                      "i": [
                        [
                          0,
                          0
                        ],
                        [
                          0,
                          0
                        ]
                      ],
                      "o": [
                        [
                          0,
                          0
                        ],
                        [
                          0,
                          0
                        ]
                      ],
                      "v": [
                        [
                          14.35,
                          26.64
                        ],
                        [
                          14.35,
                          32.152
                        ]
                      ],
                      "c": false
                    },
                    "ix": 2
                  },
                  "nm": "Path 1",
                  "mn": "ADBE Vector Shape - Group",
                  "hd": false
                },
                {
                  "ty": "st",
                  "c": {
                    "a": 0,
                    "k": [
                      0.223528981209,
                      0.192156970501,
                      0.674510002136,
                      1
                    ],
                    "ix": 3
                  },
                  "o": {
                    "a": 0,
                    "k": 100,
                    "ix": 4
                  },
                  "w": {
                    "a": 0,
                    "k": 1,
                    "ix": 5
                  },
                  "lc": 1,
                  "lj": 1,
                  "ml": 10,
                  "ml2": {
                    "a": 0,
                    "k": 10,
                    "ix": 8
                  },
                  "nm": "Stroke 1",
                  "mn": "ADBE Vector Graphic - Stroke",
                  "hd": false
                },
                {
                  "ty": "tr",
                  "p": {
                    "a": 0,
                    "k": [
                      0,
                      0
                    ],
                    "ix": 2
                  },
                  "a": {
                    "a": 0,
                    "k": [
                      0,
                      0
                    ],
                    "ix": 1
                  },
                  "s": {
                    "a": 0,
                    "k": [
                      100,
                      100
                    ],
                    "ix": 3
                  },
                  "r": {
                    "a": 0,
                    "k": 0,
                    "ix": 6
                  },
                  "o": {
                    "a": 0,
                    "k": 100,
                    "ix": 7
                  },
                  "sk": {
                    "a": 0,
                    "k": 0,
                    "ix": 4
                  },
                  "sa": {
                    "a": 0,
                    "k": 0,
                    "ix": 5
                  },
                  "nm": "Transform"
                }
              ],
              "nm": "Group 5",
              "np": 2,
              "cix": 2,
              "ix": 1,
              "mn": "ADBE Vector Group",
              "hd": false
            },
            {
              "ty": "tr",
              "p": {
                "a": 0,
                "k": [
                  216.146,
                  309.56
                ],
                "ix": 2
              },
              "a": {
                "a": 0,
                "k": [
                  14.35,
                  29.396
                ],
                "ix": 1
              },
              "s": {
                "a": 0,
                "k": [
                  900,
                  900
                ],
                "ix": 3
              },
              "r": {
                "a": 0,
                "k": 0,
                "ix": 6
              },
              "o": {
                "a": 0,
                "k": 100,
                "ix": 7
              },
              "sk": {
                "a": 0,
                "k": 0,
                "ix": 4
              },
              "sa": {
                "a": 0,
                "k": 0,
                "ix": 5
              },
              "nm": "Transform"
            }
          ],
          "nm": "search Outlines - Group 5",
          "np": 1,
          "cix": 2,
          "ix": 1,
          "mn": "ADBE Vector Group",
          "hd": false
        },
        {
          "ty": "gr",
          "it": [
            {
              "ty": "gr",
              "it": [
                {
                  "ind": 0,
                  "ty": "sh",
                  "ix": 1,
                  "ks": {
                    "a": 0,
                    "k": {
                      "i": [
                        [
                          0,
                          -2.68
                        ],
                        [
                          2.68,
                          0
                        ],
                        [
                          0,
                          2.68
                        ],
                        [
                          -2.68,
                          0
                        ]
                      ],
                      "o": [
                        [
                          0,
                          2.68
                        ],
                        [
                          -2.68,
                          0
                        ],
                        [
                          0,
                          -2.68
                        ],
                        [
                          2.68,
                          0
                        ]
                      ],
                      "v": [
                        [
                          4.853,
                          0
                        ],
                        [
                          0,
                          4.853
                        ],
                        [
                          -4.853,
                          0
                        ],
                        [
                          0,
                          -4.853
                        ]
                      ],
                      "c": true
                    },
                    "ix": 2
                  },
                  "nm": "Path 1",
                  "mn": "ADBE Vector Shape - Group",
                  "hd": false
                },
                {
                  "ty": "st",
                  "c": {
                    "a": 0,
                    "k": [
                      0.223528981209,
                      0.192156970501,
                      0.674510002136,
                      1
                    ],
                    "ix": 3
                  },
                  "o": {
                    "a": 0,
                    "k": 100,
                    "ix": 4
                  },
                  "w": {
                    "a": 0,
                    "k": 1,
                    "ix": 5
                  },
                  "lc": 1,
                  "lj": 1,
                  "ml": 10,
                  "ml2": {
                    "a": 0,
                    "k": 10,
                    "ix": 8
                  },
                  "nm": "Stroke 1",
                  "mn": "ADBE Vector Graphic - Stroke",
                  "hd": false
                },
                {
                  "ty": "tr",
                  "p": {
                    "a": 0,
                    "k": [
                      14.35,
                      21.787
                    ],
                    "ix": 2
                  },
                  "a": {
                    "a": 0,
                    "k": [
                      0,
                      0
                    ],
                    "ix": 1
                  },
                  "s": {
                    "a": 0,
                    "k": [
                      100,
                      100
                    ],
                    "ix": 3
                  },
                  "r": {
                    "a": 0,
                    "k": 0,
                    "ix": 6
                  },
                  "o": {
                    "a": 0,
                    "k": 100,
                    "ix": 7
                  },
                  "sk": {
                    "a": 0,
                    "k": 0,
                    "ix": 4
                  },
                  "sa": {
                    "a": 0,
                    "k": 0,
                    "ix": 5
                  },
                  "nm": "Transform"
                }
              ],
              "nm": "Group 6",
              "np": 2,
              "cix": 2,
              "ix": 1,
              "mn": "ADBE Vector Group",
              "hd": false
            },
            {
              "ty": "tr",
              "p": {
                "a": 0,
                "k": [
                  216.146,
                  241.079
                ],
                "ix": 2
              },
              "a": {
                "a": 0,
                "k": [
                  14.35,
                  21.787
                ],
                "ix": 1
              },
              "s": {
                "a": 0,
                "k": [
                  900,
                  900
                ],
                "ix": 3
              },
              "r": {
                "a": 0,
                "k": 0,
                "ix": 6
              },
              "o": {
                "a": 0,
                "k": 100,
                "ix": 7
              },
              "sk": {
                "a": 0,
                "k": 0,
                "ix": 4
              },
              "sa": {
                "a": 0,
                "k": 0,
                "ix": 5
              },
              "nm": "Transform"
            }
          ],
          "nm": "search Outlines - Group 6",
          "np": 1,
          "cix": 2,
          "ix": 2,
          "mn": "ADBE Vector Group",
          "hd": false
        }
      ],
      "ip": 0,
      "op": 120.0000048877,
      "st": 0,
      "bm": 0
    }
  ],
  "markers": []
}